{"cameraMode":{"drawMode":0,"name":"Shaded","section":"Shading Mode"},"sceneLighting":false,"audioPlay":false,"sceneViewState":{"showFog":true,"showMaterialUpdate":false,"showSkybox":true,"showFlares":true,"showImageEffects":true,"showParticleSystems":true},"in2DMode":false,"pivot":{"x":2.788933515548706,"y":-3.556609869003296,"z":-1.8871344327926636},"rotation":{"x":0.13857416808605195,"y":0.70542973279953,"z":-0.1437406688928604,"w":0.6800770163536072},"size":19.24514389038086,"orthographic":false}